{"inputUnits":[12],"outputUnits":4,"inputs":{"0":{"dtype":"number","min":307.8941044798139,"max":410.50693445038377},"1":{"dtype":"number","min":199.68757913823714,"max":232.43693331296447},"2":{"dtype":"number","min":187.76722333584613,"max":278.95262894807036},"3":{"dtype":"number","min":204.0604051140084,"max":236.57640274969918},"4":{"dtype":"number","min":354.0477099799738,"max":493.8418335198891},"5":{"dtype":"number","min":214.99213413885462,"max":325.7785403008117},"6":{"dtype":"number","min":104.89891602514315,"max":238.79657440482987},"7":{"dtype":"number","min":237.12840416742807,"max":339.1487503051758},"8":{"dtype":"number","min":366.8663741738243,"max":543.8827425415752},"9":{"dtype":"number","min":206.54055768286275,"max":405.78372828909295},"10":{"dtype":"number","min":43.07062844319185,"max":255.71520085920366},"11":{"dtype":"number","min":209.29985894097223,"max":416.69050488090886}},"outputs":{"0":{"dtype":"string","min":0,"max":1,"uniqueValues":["f","r","l","o"],"legend":{"f":[1,0,0,0],"r":[0,1,0,0],"l":[0,0,1,0],"o":[0,0,0,1]}}},"isNormalized":true}