{"inputUnits":[34],"outputUnits":4,"inputs":{"0":{"dtype":"number","min":195.6113123010706,"max":479.9565105921576},"1":{"dtype":"number","min":168.8832309418022,"max":242.61489987140976},"2":{"dtype":"number","min":208.9220007585968,"max":489.876168829191},"3":{"dtype":"number","min":150.19528691996373,"max":228.77524154692827},"4":{"dtype":"number","min":183.45072904293067,"max":464.81171308669894},"5":{"dtype":"number","min":152.95152987653051,"max":227.39065545808967},"6":{"dtype":"number","min":237.2533983375594,"max":495.9693263241654},"7":{"dtype":"number","min":165.06607323362115,"max":238.31692158362551},"8":{"dtype":"number","min":171.9096056248477,"max":439.15624672441686},"9":{"dtype":"number","min":172.1881032129477,"max":239.77427607158933},"10":{"dtype":"number","min":278.9390142340409,"max":507.4593872308266},"11":{"dtype":"number","min":248.22755512438323,"max":312.2876964070876},"12":{"dtype":"number","min":165.85449575680738,"max":412.5877210828993},"13":{"dtype":"number","min":256.8647519236187,"max":313.25800310101425},"14":{"dtype":"number","min":309.4721505981207,"max":528.0882890786809},"15":{"dtype":"number","min":322.6837283128883,"max":405.40756374307074},"16":{"dtype":"number","min":118.98919341624595,"max":383.90260781925787},"17":{"dtype":"number","min":317.8730640076754,"max":418.62723724186765},"18":{"dtype":"number","min":245.8558639913042,"max":609.9333170097009},"19":{"dtype":"number","min":305.91970462315726,"max":459.895615605583},"20":{"dtype":"number","min":31.925971494083516,"max":406.9004908035605},"21":{"dtype":"number","min":317.9426806712011,"max":456.71577319764253},"22":{"dtype":"number","min":245.66412853218657,"max":494.24886186685245},"23":{"dtype":"number","min":435.02547533656184,"max":529.2017737792016},"24":{"dtype":"number","min":171.24716953924525,"max":455.4368505050332},"25":{"dtype":"number","min":438.90330102708606,"max":525.9316974959643},"26":{"dtype":"number","min":237.12770726016157,"max":483.63823576512624},"27":{"dtype":"number","min":467.24144413224894,"max":567.9283139115421},"28":{"dtype":"number","min":140.60446763363962,"max":463.5393326370804},"29":{"dtype":"number","min":504.1610598796524,"max":559.3522539194564},"30":{"dtype":"number","min":234.45922554120216,"max":476.9476886474133},"31":{"dtype":"number","min":517.1390091745477,"max":564.3629613210816},"32":{"dtype":"number","min":135.22585536071895,"max":457.34299553765186},"33":{"dtype":"number","min":551.1897155880695,"max":561.1062126828913}},"outputs":{"0":{"dtype":"string","min":0,"max":1,"uniqueValues":["f","b","l","r"],"legend":{"f":[1,0,0,0],"b":[0,1,0,0],"l":[0,0,1,0],"r":[0,0,0,1]}}},"isNormalized":true}